http,www,2,238,119
et,al,1,100,100
for,example,1,96,96
likely,to,1,80,80
the,fourth,1,75,75
available,at,1,74,74
is,not,1,74,74
n,y,1,73,73
the,information,1,64,64
of,these,1,63,63
a,suspect,1,60,60
of,law,1,59,59
an,officer,1,45,45
civil,rights,1,45,45
more,likely,1,45,45
stop,and,1,45,45
may,be,1,44,44
the,officer,1,43,43
into,the,1,41,41
access,to,1,40,40
and,other,1,39,39
police,departments,1,38,38
are,more,1,37,37
u,s,9,322,35.77777778
community,policing,4,139,34.75
working,with,1,34,34
enforcement,to,1,33,33
in,their,1,33,33
of,homeland,1,33,33
social,media,1,32,32
fbi,gov,1,31,31
information,is,1,31,31
a,high,1,30,30
federal,government,1,30,30
focus,on,1,30,30
suspect,s,1,30,30
that,is,1,30,30
to,law,1,30,30
rather,than,1,29,29
to,predict,1,29,29
amount,of,1,28,28
that,a,2,56,28
and,local,1,27,27
law,enforcement,18,480,26.66666667
muslim,community,1,26,26
not,be,1,26,26
to,prevent,1,26,26
at,least,1,25,25
information,that,1,25,25
not,to,1,25,25
the,most,1,25,25
www,fbi,1,25,25
a,person,2,48,24
court,records,1,24,24
level,of,1,23,23
of,police,2,46,23
the,s,1,23,23
white,house,1,23,23
many,of,1,22,22
of,people,1,22,22
the,high,1,22,22
approach,to,1,21,21
because,they,1,21,21
can,be,4,84,21
order,to,1,21,21
the,court,2,42,21
the,people,1,21,21
and,social,1,20,20
in,order,1,20,20
into,a,1,20,20
the,idea,1,20,20
the,white,1,20,20
there,is,3,58,19.33333333
are,not,2,38,19
it,has,1,19,19
nytimes,com,1,19,19
involved,in,2,37,18.5
used,to,2,37,18.5
a,gang,1,18,18
create,a,1,18,18
data,and,1,18,18
homeland,security,2,36,18
need,to,1,18,18
way,to,1,18,18
within,the,1,18,18
a,criminal,2,35,17.5
in,which,2,34,17
is,to,2,34,17
nature,of,1,17,17
officers,to,1,17,17
participate,in,1,17,17
the,muslim,1,17,17
to,perform,1,17,17
using,the,1,17,17
who,are,1,17,17
act,of,1,16,16
as,one,1,16,16
community,and,1,16,16
data,in,1,16,16
has,the,1,16,16
in,some,1,16,16
license,plate,1,16,16
of,american,1,16,16
of,those,1,16,16
set,of,1,16,16
the,amount,1,16,16
the,more,1,16,16
the,national,2,32,16
the,process,1,16,16
to,see,1,16,16
to,take,1,16,16
of,justice,3,47,15.66666667
to,be,11,166,15.09090909
a,times,1,15,15
and,crime,1,15,15
history,of,1,15,15
in,part,1,15,15
information,to,2,30,15
state,and,2,30,15
that,the,10,148,14.8
a,police,3,44,14.66666667
enforcement,agencies,4,57,14.25
because,the,2,28,14
for,their,1,14,14
human,rights,1,14,14
on,their,1,14,14
special,agent,1,14,14
the,power,1,14,14
the,use,2,28,14
there,are,3,42,14
we,have,1,14,14
what,we,1,14,14
while,the,1,14,14
www,nytimes,1,14,14
because,of,2,27,13.5
as,the,5,67,13.4
this,article,3,40,13.33333333
of,this,4,53,13.25
they,are,4,53,13.25
for,a,5,66,13.2
and,are,1,13,13
but,also,1,13,13
by,police,2,26,13
crime,is,1,13,13
federal,state,1,13,13
is,more,1,13,13
it,would,1,13,13
known,as,1,13,13
on,law,1,13,13
police,officer,3,39,13
terms,of,1,13,13
the,current,1,13,13
the,local,1,13,13
the,need,1,13,13
to,know,1,13,13
york,police,1,13,13
united,states,11,138,12.54545455
before,the,2,25,12.5
religious,and,2,25,12.5
young,people,4,50,12.5
a,heightened,1,12,12
crime,data,1,12,12
difficult,to,1,12,12
enforcement,officials,1,12,12
for,community,1,12,12
levels,of,1,12,12
not,only,2,24,12
nypd,s,1,12,12
of,how,1,12,12
of,such,1,12,12
on,how,1,12,12
police,can,1,12,12
policing,in,2,24,12
record,of,1,12,12
such,as,6,72,12
the,latest,1,12,12
university,of,1,12,12
use,the,1,12,12
at,a,8,92,11.5
new,york,8,91,11.375
and,the,25,282,11.28
it,is,8,90,11.25
the,federal,4,45,11.25
a,few,1,11,11
african,americans,1,11,11
appear,to,1,11,11
are,in,1,11,11
available,to,1,11,11
behavior,and,1,11,11
between,police,1,11,11
community,leaders,1,11,11
for,more,1,11,11
list,of,1,11,11
police,in,1,11,11
that,information,1,11,11
the,database,1,11,11
the,internet,1,11,11
the,law,4,44,11
the,problem,1,11,11
their,own,1,11,11
to,participate,1,11,11
about,a,3,32,10.66666667
to,commit,2,21,10.5
to,use,2,21,10.5
the,fbi,13,135,10.38461538
of,their,4,41,10.25
the,suspect,6,61,10.16666667
a,wide,1,10,10
about,how,1,10,10
cannot,be,1,10,10
cell,phone,1,10,10
com,news,2,20,10
com,us,1,10,10
in,any,1,10,10
in,particular,1,10,10
in,police,1,10,10
last,week,1,10,10
leads,to,1,10,10
may,also,1,10,10
not,have,1,10,10
of,being,1,10,10
of,new,1,10,10
other,words,1,10,10
quality,of,1,10,10
question,of,1,10,10
see,the,1,10,10
that,of,1,10,10
the,statistical,1,10,10
to,avoid,1,10,10
to,search,1,10,10
value,of,1,10,10
was,a,1,10,10
when,it,1,10,10
who,is,1,10,10
police,and,4,39,9.75
and,to,3,29,9.666666667
in,community,2,19,9.5
individual,s,2,19,9.5
information,about,8,76,9.5
lead,to,2,19,9.5
people,in,2,19,9.5
to,establish,2,19,9.5
in,this,3,28,9.333333333
an,unknown,1,9,9
are,under,1,9,9
attempt,to,1,9,9
away,from,1,9,9
be,more,1,9,9
chicago,police,1,9,9
data,on,2,18,9
does,not,5,45,9
dozens,of,1,9,9
enforcement,in,1,9,9
enforcement,is,1,9,9
era,of,1,9,9
focusing,on,1,9,9
how,to,2,18,9
is,also,2,18,9
its,own,1,9,9
millions,of,1,9,9
on,an,1,9,9
on,community,1,9,9
on,this,1,9,9
police,are,1,9,9
right,to,1,9,9
rise,to,1,9,9
s,most,1,9,9
signs,of,1,9,9
suspect,and,1,9,9
the,agency,1,9,9
the,problems,1,9,9
to,provide,2,18,9
who,were,1,9,9
would,be,3,27,9
by,a,3,26,8.666666667
information,on,3,26,8.666666667
that,it,3,26,8.666666667
led,to,2,17,8.5
that,there,2,17,8.5
the,united,7,59,8.428571429
and,in,3,25,8.333333333
office,of,3,25,8.333333333
when,the,3,25,8.333333333
a,gun,1,8,8
a,time,1,8,8
a,two,1,8,8
a,violent,1,8,8
absence,of,1,8,8
after,the,2,16,8
also,be,1,8,8
and,information,1,8,8
and,more,2,16,8
argues,that,1,8,8
as,much,1,8,8
as,possible,1,8,8
came,to,1,8,8
could,not,1,8,8
crimes,in,1,8,8
fbi,and,1,8,8
for,sex,1,8,8
gang,members,3,24,8
government,and,1,8,8
hot,spots,1,8,8
in,new,2,16,8
in,other,2,16,8
interest,in,1,8,8
investigations,and,1,8,8
live,in,1,8,8
most,of,1,8,8
of,age,1,8,8
of,an,4,32,8
of,political,1,8,8
sept,at,1,8,8
share,information,1,8,8
that,police,2,16,8
the,absence,1,8,8
the,past,2,16,8
the,school,1,8,8
their,lives,1,8,8
to,reduce,2,16,8
violence,in,1,8,8
we,must,1,8,8
when,a,2,16,8
able,to,4,31,7.75
a,community,3,23,7.666666667
the,world,3,23,7.666666667
to,police,3,23,7.666666667
a,neighborhood,2,15,7.5
be,a,4,30,7.5
in,our,2,15,7.5
part,of,6,45,7.5
those,who,3,22,7.333333333
to,make,3,22,7.333333333
as,a,23,164,7.130434783
a,crime,6,42,7
activity,and,1,7,7
analysis,of,2,14,7
area,and,1,7,7
area,is,1,7,7
at,this,1,7,7
be,made,1,7,7
belief,that,1,7,7
but,not,1,7,7
committed,by,1,7,7
community,based,1,7,7
contribute,to,1,7,7
crime,to,1,7,7
errors,in,1,7,7
evidence,that,1,7,7
for,any,1,7,7
important,to,1,7,7
in,place,2,14,7
information,from,1,7,7
involving,a,1,7,7
looking,for,1,7,7
make,a,1,7,7
of,any,1,7,7
of,black,1,7,7
of,religious,1,7,7
of,state,1,7,7
period,of,1,7,7
police,community,1,7,7
program,to,1,7,7
solely,on,1,7,7
that,could,1,7,7
that,crime,1,7,7
the,chicago,1,7,7
the,entire,1,7,7
the,late,1,7,7
the,nature,1,7,7
the,privacy,1,7,7
the,university,1,7,7
to,arrest,1,7,7
to,more,1,7,7
to,policing,1,7,7
was,involved,1,7,7
were,not,1,7,7
will,help,1,7,7
young,man,1,7,7
the,same,11,76,6.909090909
is,a,14,96,6.857142857
the,police,16,108,6.75
the,u,4,27,6.75
response,to,3,20,6.666666667
a,city,2,13,6.5
but,it,2,13,6.5
much,of,2,13,6.5
of,life,2,13,6.5
or,the,2,13,6.5
police,officers,8,52,6.5
same,time,2,13,6.5
throughout,the,2,13,6.5
that,they,5,32,6.4
the,nypd,5,32,6.4
be,able,3,19,6.333333333
was,not,3,19,6.333333333
as,an,4,25,6.25
from,the,16,98,6.125
of,the,90,541,6.011111111
a,long,1,6,6
a,program,1,6,6
a,third,1,6,6
and,federal,1,6,6
and,security,1,6,6
and,violent,2,12,6
attacks,in,1,6,6
attorney,for,1,6,6
bay,area,1,6,6
being,used,1,6,6
commit,crimes,2,12,6
community,members,2,12,6
contributed,to,1,6,6
crime,the,1,6,6
for,all,1,6,6
for,certain,1,6,6
friends,and,1,6,6
him,to,1,6,6
hopes,to,1,6,6
hundreds,of,1,6,6
included,in,1,6,6
indicating,that,1,6,6
is,an,2,12,6
just,the,1,6,6
just,to,1,6,6
life,and,1,6,6
most,wanted,1,6,6
of,more,1,6,6
of,private,1,6,6
or,a,2,12,6
over,a,1,6,6
partnerships,and,1,6,6
police,chief,2,12,6
professor,of,1,6,6
provide,a,1,6,6
s,attorneys,1,6,6
showed,that,1,6,6
strategies,to,1,6,6
surveillance,in,1,6,6
take,place,1,6,6
that,are,2,12,6
that,has,1,6,6
that,would,2,12,6
the,house,1,6,6
the,neighborhood,1,6,6
the,other,2,12,6
the,person,2,12,6
the,post,1,6,6
the,work,1,6,6
they,would,1,6,6
time,the,1,6,6
to,city,1,6,6
to,local,1,6,6
to,them,1,6,6
trust,in,1,6,6
volume,of,1,6,6
ways,to,1,6,6
went,to,1,6,6
when,they,1,6,6
whether,they,1,6,6
with,big,1,6,6
would,have,1,6,6
you,can,1,6,6
the,new,8,47,5.875
suspicion,of,3,17,5.666666667
the,next,3,17,5.666666667
whether,the,3,17,5.666666667
in,an,8,45,5.625
on,the,37,208,5.621621622
chance,to,2,11,5.5
policing,the,2,11,5.5
s,san,2,11,5.5
the,two,2,11,5.5
thousands,of,2,11,5.5
to,find,2,11,5.5
of,crime,9,49,5.444444444
as,well,6,32,5.333333333
field,office,3,16,5.333333333
public,safety,3,16,5.333333333
that,this,3,16,5.333333333
who,was,3,16,5.333333333
and,police,4,21,5.25
well,as,4,21,5.25
with,a,12,63,5.25
under,the,5,26,5.2
a,history,1,5,5
a,local,1,5,5
a,similar,1,5,5
advantage,of,1,5,5
amid,the,1,5,5
and,cultural,1,5,5
and,for,1,5,5
and,government,1,5,5
announced,a,1,5,5
any,of,1,5,5
areas,in,1,5,5
as,being,1,5,5
be,held,1,5,5
because,he,1,5,5
before,a,1,5,5
cars,and,1,5,5
certain,crimes,1,5,5
combination,of,1,5,5
come,to,1,5,5
crime,and,8,40,5
crime,as,1,5,5
crime,will,1,5,5
d,c,2,10,5
dealing,with,1,5,5
departments,and,1,5,5
examples,of,1,5,5
expected,to,1,5,5
from,a,7,35,5
help,with,1,5,5
if,the,5,25,5
in,a,30,150,5
in,various,1,5,5
in,washington,1,5,5
information,was,1,5,5
investigation,and,1,5,5
is,important,1,5,5
is,nothing,1,5,5
islam,and,1,5,5
look,for,1,5,5
low,level,1,5,5
needs,to,2,10,5
new,police,2,10,5
not,required,1,5,5
of,california,1,5,5
of,thousands,1,5,5
officers,with,1,5,5
other,than,1,5,5
person,who,1,5,5
picture,of,1,5,5
play,a,1,5,5
police,use,1,5,5
questions,about,1,5,5
reduce,crime,1,5,5
related,to,2,10,5
requests,for,1,5,5
residents,of,1,5,5
results,in,1,5,5
s,an,1,5,5
s,new,2,10,5
said,and,1,5,5
security,the,1,5,5
so,the,1,5,5
standard,for,1,5,5
starting,a,1,5,5
suspect,in,1,5,5
take,the,1,5,5
technology,as,1,5,5
that,she,1,5,5
the,location,3,15,5
the,possibility,1,5,5
the,suspected,1,5,5
the,three,1,5,5
then,the,1,5,5
third,of,1,5,5
through,a,2,10,5
to,build,3,15,5
to,maintain,1,5,5
to,or,1,5,5
to,play,1,5,5
to,prison,1,5,5
to,what,1,5,5
up,the,1,5,5
want,to,2,10,5
was,also,1,5,5
way,of,1,5,5
when,he,1,5,5
where,the,2,10,5
is,the,9,44,4.888888889
will,be,11,53,4.818181818
about,the,13,62,4.769230769
and,that,8,38,4.75
could,be,4,19,4.75
the,community,8,38,4.75
to,an,4,19,4.75
to,support,4,19,4.75
up,to,4,19,4.75
fbi,s,6,28,4.666666667
to,collect,3,14,4.666666667
focused,on,5,23,4.6
local,law,5,23,4.6
more,than,12,55,4.583333333
of,a,33,151,4.575757576
against,the,2,9,4.5
and,gang,2,9,4.5
are,the,4,18,4.5
as,he,2,9,4.5
believe,that,2,9,4.5
crime,at,2,9,4.5
daniel,j,2,9,4.5
have,an,2,9,4.5
may,not,2,9,4.5
more,difficult,2,9,4.5
of,other,2,9,4.5
review,of,2,9,4.5
to,reveal,2,9,4.5
over,the,5,22,4.4
number,of,11,48,4.363636364
in,the,111,481,4.333333333
the,program,3,13,4.333333333
around,the,4,17,4.25
people,are,5,21,4.2
have,been,11,46,4.181818182
has,been,14,57,4.071428571
to,a,21,85,4.047619048
a,combination,1,4,4
a,family,1,4,4
a,group,1,4,4
a,much,1,4,4
a,network,1,4,4
a,period,1,4,4
a,victim,1,4,4
agents,and,1,4,4
all,of,4,16,4
all,over,1,4,4
an,additional,1,4,4
and,make,1,4,4
and,prevent,1,4,4
and,share,1,4,4
and,strategies,1,4,4
are,an,1,4,4
are,far,1,4,4
are,fearful,1,4,4
area,of,1,4,4
as,that,1,4,4
as,these,1,4,4
at,an,1,4,4
background,checks,2,8,4
based,approach,1,4,4
be,in,2,8,4
called,for,1,4,4
children,and,1,4,4
cities,are,1,4,4
community,partnerships,1,4,4
crime,prevention,1,4,4
department,of,5,20,4
early,s,1,4,4
enforcement,a,1,4,4
enforcement,authorities,1,4,4
enforcement,community,1,4,4
fearful,that,1,4,4
find,a,1,4,4
for,its,1,4,4
get,the,1,4,4
has,come,1,4,4
have,the,3,12,4
human,trafficking,1,4,4
if,we,1,4,4
in,america,3,12,4
in,many,4,16,4
in,several,1,4,4
including,those,1,4,4
intersection,of,1,4,4
is,focused,1,4,4
is,just,1,4,4
it,could,1,4,4
kinds,of,1,4,4
known,to,1,4,4
leaders,and,1,4,4
life,the,1,4,4
meet,the,1,4,4
minority,communities,1,4,4
near,the,1,4,4
needed,to,1,4,4
network,of,1,4,4
not,come,1,4,4
of,all,4,16,4
of,interest,1,4,4
of,just,1,4,4
of,order,1,4,4
of,them,2,8,4
of,violence,1,4,4
of,what,2,8,4
officers,use,1,4,4
our,community,1,4,4
partnership,with,1,4,4
people,have,1,4,4
plans,to,1,4,4
police,as,1,4,4
police,captain,1,4,4
police,had,1,4,4
police,that,1,4,4
program,that,1,4,4
reported,to,1,4,4
respect,to,1,4,4
respond,to,2,8,4
reveal,the,1,4,4
robbery,and,1,4,4
s,high,1,4,4
s,the,3,12,4
s,to,1,4,4
say,that,1,4,4
school,district,1,4,4
scrutiny,of,1,4,4
seeking,to,1,4,4
since,the,1,4,4
stages,of,1,4,4
suspects,in,1,4,4
tens,of,1,4,4
that,only,1,4,4
the,author,2,8,4
the,case,5,20,4
the,compstat,1,4,4
the,end,2,8,4
the,highest,1,4,4
the,increased,1,4,4
the,initial,1,4,4
the,threat,3,12,4
the,time,3,12,4
the,wake,1,4,4
them,and,2,8,4
they,also,1,4,4
this,month,1,4,4
this,new,1,4,4
threat,of,3,12,4
to,assist,1,4,4
to,go,1,4,4
to,hear,1,4,4
treated,as,1,4,4
up,for,1,4,4
usa,today,1,4,4
wake,of,1,4,4
which,is,4,16,4
why,the,1,4,4
will,soon,1,4,4
with,local,1,4,4
with,more,1,4,4
with,respect,1,4,4
with,state,1,4,4
at,the,32,126,3.9375
to,the,65,251,3.861538462
by,the,21,80,3.80952381
but,the,4,15,3.75
efforts,to,4,15,3.75
for,an,4,15,3.75
the,state,11,41,3.727272727
and,is,3,11,3.666666667
have,to,3,11,3.666666667
he,was,6,22,3.666666667
instead,of,3,11,3.666666667
no,longer,3,11,3.666666667
the,public,11,39,3.545454545
a,child,2,7,3.5
a,good,2,7,3.5
a,search,2,7,3.5
a,series,2,7,3.5
areas,of,2,7,3.5
council,on,2,7,3.5
each,other,2,7,3.5
far,more,2,7,3.5
gang,related,2,7,3.5
in,law,4,14,3.5
in,response,2,7,3.5
john,s,2,7,3.5
linked,to,2,7,3.5
make,it,2,7,3.5
not,know,2,7,3.5
result,of,4,14,3.5
s,a,2,7,3.5
series,of,2,7,3.5
stop,in,2,7,3.5
the,el,2,7,3.5
the,president,2,7,3.5
the,street,6,21,3.5
they,can,4,14,3.5
they,were,4,14,3.5
to,hold,2,7,3.5
to,investigate,4,14,3.5
to,this,2,7,3.5
use,of,18,63,3.5
for,the,29,97,3.344827586
and,they,3,10,3.333333333
as,to,3,10,3.333333333
had,a,3,10,3.333333333
in,addition,6,20,3.333333333
in,more,3,10,3.333333333
is,in,3,10,3.333333333
of,which,4,13,3.25
the,streets,4,13,3.25
a,result,9,29,3.222222222
they,have,5,16,3.2
on,a,16,51,3.1875
have,a,9,28,3.111111111
out,of,9,28,3.111111111
with,the,42,130,3.095238095
a,chance,2,6,3
a,degree,1,3,3
a,federal,2,6,3
a,higher,1,3,3
a,large,1,3,3
a,number,3,9,3
a,problem,1,3,3
a,public,1,3,3
a,vehicle,1,3,3
about,whether,1,3,3
accuracy,of,2,6,3
advocate,for,1,3,3
after,years,1,3,3
also,showed,1,3,3
americans,in,1,3,3
an,examination,1,3,3
an,extensive,1,3,3
an,ongoing,1,3,3
and,black,1,3,3
and,it,3,9,3
and,people,1,3,3
and,policing,1,3,3
angeles,unified,1,3,3
anger,and,1,3,3
anti,muslim,1,3,3
any,other,1,3,3
anyone,who,1,3,3
are,looking,1,3,3
are,of,1,3,3
argue,that,1,3,3
argued,that,1,3,3
at,around,1,3,3
attempting,to,1,3,3
backlash,from,1,3,3
begin,with,1,3,3
being,a,1,3,3
brian,day,1,3,3
but,a,1,3,3
but,even,1,3,3
by,local,1,3,3
by,over,1,3,3
byline,brian,1,3,3
california,april,1,3,3
can,take,1,3,3
captured,in,1,3,3
case,to,1,3,3
categories,of,1,3,3
change,the,1,3,3
city,councilman,1,3,3
claim,to,1,3,3
committed,in,1,3,3
connection,with,1,3,3
continues,to,1,3,3
crack,cocaine,1,3,3
crimes,and,3,9,3
crimes,it,1,3,3
criminal,case,1,3,3
criminal,charges,1,3,3
crisis,of,1,3,3
day,section,1,3,3
decrease,in,1,3,3
departments,across,1,3,3
did,not,9,27,3
drug,enforcement,1,3,3
drug,trafficking,2,6,3
emphasis,on,1,3,3
entered,the,1,3,3
experts,have,1,3,3
explained,that,1,3,3
family,and,1,3,3
fbi,can,1,3,3
fbi,the,1,3,3
five,years,2,6,3
following,a,1,3,3
for,crimes,1,3,3
for,those,1,3,3
from,there,1,3,3
gang,activity,1,3,3
gun,on,1,3,3
have,begun,1,3,3
have,made,1,3,3
he,believes,1,3,3
in,another,1,3,3
in,cars,1,3,3
in,connection,1,3,3
in,effect,1,3,3
in,federal,1,3,3
in,tel,1,3,3
in,violence,1,3,3
incarceration,and,1,3,3
initiative,to,1,3,3
is,arrested,1,3,3
is,available,2,6,3
is,enough,1,3,3
is,greater,1,3,3
is,so,1,3,3
is,very,1,3,3
it,came,1,3,3
its,crime,1,3,3
just,a,1,3,3
know,about,1,3,3
lapdonline,org,1,3,3
last,decade,1,3,3
launched,a,1,3,3
learn,from,1,3,3
like,a,1,3,3
like,other,1,3,3
limitations,on,1,3,3
location,in,1,3,3
looking,at,1,3,3
make,up,1,3,3
man,in,1,3,3
money,laundering,2,6,3
month,s,1,3,3
neighborhoods,has,1,3,3
none,of,1,3,3
of,chicago,1,3,3
of,domestic,2,6,3
of,individual,1,3,3
of,local,1,3,3
of,persons,1,3,3
of,three,1,3,3
officials,are,1,3,3
officials,to,1,3,3
on,am,1,3,3
on,more,1,3,3
on,public,1,3,3
on,to,1,3,3
or,any,1,3,3
or,may,1,3,3
outside,the,2,6,3
part,because,1,3,3
past,years,1,3,3
people,with,2,6,3
person,of,1,3,3
police,have,3,9,3
police,officials,1,3,3
police,say,1,3,3
police,the,1,3,3
prevention,and,1,3,3
process,of,1,3,3
rate,of,1,3,3
records,the,1,3,3
resulted,in,2,6,3
s,first,1,3,3
s,trust,2,6,3
security,of,1,3,3
seeking,the,1,3,3
she,would,1,3,3
should,have,1,3,3
so,as,1,3,3
state,laws,1,3,3
state,s,3,9,3
state,to,1,3,3
suggested,that,1,3,3
system,that,1,3,3
taking,place,1,3,3
tel,aviv,1,3,3
than,miles,1,3,3
that,any,1,3,3
that,he,5,15,3
that,lead,1,3,3
that,leads,1,3,3
that,was,1,3,3
the,beginning,1,3,3
the,black,1,3,3
the,commission,1,3,3
the,council,1,3,3
the,early,1,3,3
the,nation,6,18,3
the,news,1,3,3
the,office,1,3,3
the,organization,1,3,3
the,protection,1,3,3
the,rate,1,3,3
the,religious,2,6,3
the,second,1,3,3
the,target,1,3,3
the,tools,1,3,3
their,use,1,3,3
them,the,1,3,3
them,to,3,9,3
this,is,8,24,3
this,kind,1,3,3
to,crime,2,6,3
to,escape,1,3,3
to,fight,1,3,3
to,grow,1,3,3
to,in,1,3,3
to,say,2,6,3
to,track,2,6,3
together,and,1,3,3
twenty,seven,1,3,3
two,men,1,3,3
two,or,1,3,3
under,a,1,3,3
unified,school,1,3,3
until,the,1,3,3
up,a,1,3,3
violent,offenses,1,3,3
we,expect,1,3,3
we,will,1,3,3
when,we,1,3,3
which,can,1,3,3
which,were,1,3,3
who,have,5,15,3
will,have,1,3,3
with,them,1,3,3
worried,that,1,3,3
years,and,1,3,3
years,the,2,6,3
to,have,9,26,2.888888889
a,recent,4,11,2.75
responsible,for,4,11,2.75
across,the,11,30,2.727272727
a,call,3,8,2.666666667
a,case,3,8,2.666666667
in,one,3,8,2.666666667
it,to,3,8,2.666666667
the,area,3,8,2.666666667
the,number,8,21,2.625
as,part,5,13,2.6
in,his,5,13,2.6
has,a,9,23,2.555555556
a,system,2,5,2.5
a,warrant,4,10,2.5
and,so,2,5,2.5
down,to,2,5,2.5
end,of,2,5,2.5
establish,a,2,5,2.5
federal,funding,2,5,2.5
group,of,2,5,2.5
i,think,2,5,2.5
in,major,2,5,2.5
investigation,of,2,5,2.5
is,it,2,5,2.5
of,his,4,10,2.5
of,it,4,10,2.5
officers,and,2,5,2.5
people,who,6,15,2.5
place,to,2,5,2.5
referring,to,4,10,2.5
report,to,2,5,2.5
suspect,is,2,5,2.5
than,ever,2,5,2.5
that,were,2,5,2.5
the,special,2,5,2.5
to,keep,2,5,2.5
to,work,2,5,2.5
took,place,2,5,2.5
violent,and,2,5,2.5
who,had,2,5,2.5
with,their,2,5,2.5
york,times,2,5,2.5
in,recent,5,12,2.4
it,was,5,12,2.4
a,drug,3,7,2.333333333
and,how,3,7,2.333333333
black,men,3,7,2.333333333
focuses,on,3,7,2.333333333
he,is,3,7,2.333333333
is,on,3,7,2.333333333
of,our,6,14,2.333333333
on,crime,3,7,2.333333333
place,in,3,7,2.333333333
some,of,6,14,2.333333333
the,suspects,3,7,2.333333333
will,also,3,7,2.333333333
role,in,10,23,2.3
a,significant,4,9,2.25
continue,to,4,9,2.25
result,in,5,11,2.2
a,new,12,26,2.166666667
kind,of,6,13,2.166666667
the,crime,7,15,2.142857143
than,a,9,19,2.111111111
one,of,11,23,2.090909091
the,country,12,25,2.083333333
a,cell,1,2,2
a,foot,1,2,2
a,growing,1,2,2
a,job,1,2,2
a,lawyer,1,2,2
a,lot,4,8,2
a,minor,2,4,2
a,shooting,1,2,2
a,tip,2,4,2
a,traffic,2,4,2
a,tremendous,1,2,2
a,well,1,2,2
a,woman,1,2,2
about,crime,1,2,2
addition,the,1,2,2
against,muslims,1,2,2
agency,that,1,2,2
ago,as,1,2,2
all,these,1,2,2
also,a,3,6,2
also,found,1,2,2
alternative,to,1,2,2
among,other,1,2,2
amounts,of,4,8,2
an,analysis,1,2,2
an,outstanding,1,2,2
and,also,1,2,2
and,an,1,2,2
and,another,1,2,2
and,arrested,1,2,2
and,evidence,1,2,2
and,friends,1,2,2
and,i,1,2,2
and,includes,1,2,2
and,long,2,4,2
and,money,2,4,2
and,officers,1,2,2
and,socially,1,2,2
and,some,1,2,2
and,was,1,2,2
and,youth,2,4,2
are,linked,1,2,2
are,many,1,2,2
are,no,3,6,2
are,responsible,1,2,2
as,in,1,2,2
as,saying,1,2,2
at,about,1,2,2
be,the,3,6,2
been,involved,1,2,2
beginning,of,1,2,2
break,ins,1,2,2
bring,a,2,4,2
but,have,1,2,2
but,no,1,2,2
but,rather,2,4,2
but,that,2,4,2
but,this,1,2,2
by,al,1,2,2
by,officers,1,2,2
by,some,1,2,2
by,this,1,2,2
called,a,1,2,2
can,change,1,2,2
cards,to,1,2,2
case,was,1,2,2
category,of,2,4,2
charges,are,1,2,2
city,of,4,8,2
city,officials,1,2,2
collaboration,with,2,4,2
come,from,2,4,2
committing,a,1,2,2
community,to,1,2,2
comparing,the,1,2,2
concern,that,1,2,2
contacts,with,1,2,2
contributing,to,1,2,2
convicted,of,3,6,2
could,then,1,2,2
coupled,with,1,2,2
created,a,3,6,2
crime,hot,1,2,2
crime,lapd,1,2,2
crimes,committed,1,2,2
data,has,2,4,2
death,of,1,2,2
dec,the,1,2,2
decline,in,1,2,2
department,he,2,4,2
departments,the,1,2,2
details,of,1,2,2
director,of,3,6,2
director,s,1,2,2
district,court,1,2,2
do,the,1,2,2
each,year,2,4,2
earlier,the,1,2,2
effort,the,1,2,2
efforts,on,1,2,2
enrolled,in,1,2,2
especially,those,1,2,2
every,few,1,2,2
everyone,in,1,2,2
exited,the,1,2,2
fall,outside,1,2,2
family,members,1,2,2
fbi,had,1,2,2
few,years,1,2,2
figure,in,1,2,2
filled,with,1,2,2
fled,on,1,2,2
followed,the,1,2,2
following,an,1,2,2
for,low,1,2,2
for,robbery,1,2,2
for,sale,1,2,2
for,them,1,2,2
found,the,2,4,2
fountain,valley,1,2,2
francisco,fbi,1,2,2
from,criminal,1,2,2
from,his,1,2,2
from,to,1,2,2
gang,violence,1,2,2
gets,a,1,2,2
given,a,1,2,2
goals,of,1,2,2
groups,like,1,2,2
had,to,1,2,2
hard,to,1,2,2
has,changed,1,2,2
has,shown,1,2,2
has,worked,1,2,2
has,written,1,2,2
he,saw,1,2,2
he,will,1,2,2
help,reduce,1,2,2
help,them,1,2,2
his,own,1,2,2
history,but,1,2,2
i,have,1,2,2
identified,the,1,2,2
if,they,2,4,2
images,of,2,4,2
in,areas,2,4,2
in,court,2,4,2
in,domestic,1,2,2
in,finding,1,2,2
in,san,2,4,2
in,to,2,4,2
in,united,1,2,2
in,what,1,2,2
incident,to,1,2,2
included,a,1,2,2
included,the,1,2,2
includes,the,1,2,2
including,a,1,2,2
increased,crime,1,2,2
increased,the,1,2,2
increases,in,1,2,2
into,an,1,2,2
introduction,to,1,2,2
is,based,1,2,2
is,little,1,2,2
is,unclear,1,2,2
it,and,2,4,2
it,appears,1,2,2
james,j,2,4,2
last,month,2,4,2
lead,in,1,2,2
lee,baca,1,2,2
left,the,1,2,2
made,by,1,2,2
major,cities,1,2,2
mandated,by,1,2,2
men,on,1,2,2
middle,class,2,4,2
name,of,1,2,2
nearly,every,1,2,2
needs,of,1,2,2
new,information,1,2,2
not,all,1,2,2
not,sufficient,1,2,2
observed,the,1,2,2
obstacles,to,1,2,2
of,burglary,1,2,2
of,daily,1,2,2
of,federal,2,4,2
of,growth,1,2,2
of,guns,1,2,2
of,many,1,2,2
of,physical,1,2,2
of,whom,1,2,2
offenses,and,1,2,2
office,for,2,4,2
officers,were,1,2,2
on,as,1,2,2
on,foot,1,2,2
on,gang,1,2,2
on,par,1,2,2
one,instance,1,2,2
ones,i,1,2,2
only,the,1,2,2
or,if,1,2,2
or,whether,1,2,2
other,government,1,2,2
other,information,1,2,2
other,issues,1,2,2
otherwise,be,1,2,2
par,with,1,2,2
patrol,areas,1,2,2
placed,in,1,2,2
police,were,1,2,2
policing,also,1,2,2
policing,has,2,4,2
prison,sentence,1,2,2
privacy,of,1,2,2
private,and,1,2,2
program,is,2,4,2
program,the,1,2,2
protection,of,1,2,2
questioned,whether,1,2,2
reported,in,1,2,2
research,forum,1,2,2
return,to,1,2,2
run,by,1,2,2
s,attorney,3,6,2
s,data,2,4,2
s,largest,1,2,2
s,no,2,4,2
safety,and,2,4,2
say,they,1,2,2
several,hundred,1,2,2
several,years,1,2,2
side,of,2,4,2
soon,be,1,2,2
sort,of,1,2,2
state,in,1,2,2
statement,in,1,2,2
succeed,in,1,2,2
systems,and,1,2,2
t,you,1,2,2
take,advantage,1,2,2
target,of,1,2,2
than,in,1,2,2
than,people,1,2,2
than,they,1,2,2
that,as,2,4,2
that,include,1,2,2
that,two,1,2,2
the,additional,1,2,2
the,attack,1,2,2
the,big,3,6,2
the,car,4,8,2
the,continued,1,2,2
the,director,1,2,2
the,drug,2,4,2
the,emphasis,1,2,2
the,financial,1,2,2
the,international,1,2,2
the,intersection,1,2,2
the,men,1,2,2
the,netherlands,1,2,2
the,prosecution,1,2,2
the,reason,1,2,2
the,result,3,6,2
the,rise,6,12,2
the,rules,1,2,2
the,southern,1,2,2
the,statistics,1,2,2
the,west,2,4,2
their,home,1,2,2
these,are,2,4,2
they,say,1,2,2
they,suspect,1,2,2
this,can,1,2,2
this,week,2,4,2
three,different,1,2,2
time,in,2,4,2
to,attend,1,2,2
to,combat,2,4,2
to,come,2,4,2
to,face,1,2,2
to,improve,2,4,2
to,its,2,4,2
to,live,3,6,2
to,pass,1,2,2
to,pay,2,4,2
to,pinpoint,1,2,2
to,restore,1,2,2
to,violent,1,2,2
to,write,1,2,2
today,s,2,4,2
total,of,1,2,2
trafficking,and,1,2,2
tried,to,1,2,2
trust,and,2,4,2
trying,to,2,4,2
victim,of,1,2,2
victims,and,1,2,2
views,of,1,2,2
wants,to,1,2,2
warrant,for,1,2,2
we,do,1,2,2
we,know,2,4,2
were,able,1,2,2
were,being,1,2,2
were,in,2,4,2
when,officers,1,2,2
where,there,1,2,2
which,led,1,2,2
which,police,2,4,2
while,he,1,2,2
who,could,2,4,2
who,s,1,2,2
who,will,2,4,2
who,would,1,2,2
willing,to,1,2,2
wish,to,1,2,2
with,people,2,4,2
with,some,1,2,2
work,with,2,4,2
world,that,1,2,2
world,the,1,2,2
would,otherwise,1,2,2
year,prison,1,2,2
police,department,27,53,1.962962963
to,help,10,19,1.9
members,of,9,17,1.888888889
the,last,7,13,1.857142857
in,that,5,9,1.8
addition,to,4,7,1.75
recent,years,4,7,1.75
said,we,4,7,1.75
percent,of,7,12,1.714285714
arrest,and,3,5,1.666666667
department,is,3,5,1.666666667
i,m,3,5,1.666666667
is,being,3,5,1.666666667
of,two,3,5,1.666666667
the,first,9,15,1.666666667
there,s,6,10,1.666666667
to,report,6,10,1.666666667
was,the,3,5,1.666666667
which,has,3,5,1.666666667
to,get,8,13,1.625
a,decade,4,6,1.5
a,direct,2,3,1.5
a,judge,2,3,1.5
a,letter,2,3,1.5
a,life,2,3,1.5
a,major,2,3,1.5
a,petition,2,3,1.5
about,this,2,3,1.5
additional,officers,2,3,1.5
an,investigation,2,3,1.5
and,all,4,6,1.5
and,building,2,3,1.5
and,education,2,3,1.5
and,particularly,2,3,1.5
and,prosecution,2,3,1.5
aren,t,2,3,1.5
bar,association,2,3,1.5
barriers,to,2,3,1.5
bring,the,2,3,1.5
c,the,2,3,1.5
can,do,2,3,1.5
car,and,2,3,1.5
center,of,2,3,1.5
committed,to,2,3,1.5
continuing,to,2,3,1.5
crime,by,2,3,1.5
crimes,including,2,3,1.5
david,s,4,6,1.5
eliminate,the,2,3,1.5
eyes,and,2,3,1.5
federal,funds,2,3,1.5
find,themselves,2,3,1.5
for,which,2,3,1.5
funding,for,2,3,1.5
has,proven,2,3,1.5
have,their,2,3,1.5
he,hopes,2,3,1.5
held,hostage,2,3,1.5
his,home,2,3,1.5
if,there,2,3,1.5
impact,on,4,6,1.5
in,her,2,3,1.5
in,l,2,3,1.5
increased,police,2,3,1.5
inside,the,2,3,1.5
it,s,10,15,1.5
justice,office,2,3,1.5
killed,in,2,3,1.5
men,and,2,3,1.5
office,to,2,3,1.5
out,a,2,3,1.5
police,shootings,2,3,1.5
problems,that,2,3,1.5
responsibility,to,2,3,1.5
richard,a,2,3,1.5
s,arrest,2,3,1.5
s,not,2,3,1.5
shootings,in,2,3,1.5
since,and,2,3,1.5
so,we,2,3,1.5
system,has,2,3,1.5
that,more,2,3,1.5
that,our,2,3,1.5
that,some,2,3,1.5
the,expansion,2,3,1.5
the,group,2,3,1.5
the,la,2,3,1.5
the,lead,2,3,1.5
the,scene,2,3,1.5
the,ultimate,2,3,1.5
there,was,4,6,1.5
those,people,2,3,1.5
time,for,2,3,1.5
to,court,2,3,1.5
to,discuss,2,3,1.5
to,seek,4,6,1.5
told,the,2,3,1.5
training,and,2,3,1.5
washington,d,2,3,1.5
when,i,2,3,1.5
which,have,2,3,1.5
words,a,2,3,1.5
year,in,2,3,1.5
years,after,2,3,1.5
you,have,2,3,1.5
asked,to,5,7,1.4
based,policing,5,7,1.4
of,crimes,5,7,1.4
that,will,5,7,1.4
less,than,8,11,1.375
according,to,23,31,1.347826087
a,state,3,4,1.333333333
accused,of,3,4,1.333333333
adding,that,3,4,1.333333333
along,with,3,4,1.333333333
and,non,3,4,1.333333333
attempts,to,3,4,1.333333333
in,prison,3,4,1.333333333
not,in,3,4,1.333333333
on,his,3,4,1.333333333
public,s,6,8,1.333333333
so,called,3,4,1.333333333
the,investigation,3,4,1.333333333
the,santa,3,4,1.333333333
to,bring,6,8,1.333333333
to,other,3,4,1.333333333
crime,in,13,17,1.307692308
during,the,7,9,1.285714286
had,been,7,9,1.285714286
department,s,11,14,1.272727273
and,a,19,24,1.263157895
a,county,4,5,1.25
are,being,4,5,1.25
between,and,4,5,1.25
change,in,4,5,1.25
crime,rates,4,5,1.25
l,a,24,30,1.25
lot,of,4,5,1.25
nation,s,4,5,1.25
to,connect,4,5,1.25
said,he,9,11,1.222222222
there,were,9,11,1.222222222
the,department,19,23,1.210526316
says,the,5,6,1.2
who,has,5,6,1.2
a,area,1,1,1
a,column,1,1,1
a,concern,1,1,1
a,crisis,1,1,1
a,crowd,1,1,1
a,FALSE,1,1,1
a,firearm,1,1,1
a,former,3,3,1
a,handgun,1,1,1
a,home,2,2,1
a,little,1,1,1
a,marked,1,1,1
a,month,3,3,1
a,multi,1,1,1
a,myriad,1,1,1
a,nearly,1,1,1
a,physical,1,1,1
a,possible,1,1,1
a,responsibility,1,1,1
a,second,2,2,1
a,serious,1,1,1
a,sharp,1,1,1
a,slight,1,1,1
a,story,1,1,1
a,telephone,1,1,1
a,verbal,1,1,1
about,as,1,1,1
about,every,1,1,1
about,million,1,1,1
about,of,1,1,1
about,violent,1,1,1
abuse,and,1,1,1
accused,him,1,1,1
action,and,1,1,1
action,but,1,1,1
after,he,2,2,1
after,you,1,1,1
against,police,3,3,1
agencies,as,1,1,1
agencies,the,1,1,1
agent,in,1,1,1
all,murders,1,1,1
alone,a,1,1,1
along,a,1,1,1
also,called,1,1,1
also,has,2,2,1
also,have,1,1,1
america,and,1,1,1
among,people,1,1,1
among,the,5,5,1
an,alternative,1,1,1
an,argument,1,1,1
an,assault,1,1,1
an,elderly,1,1,1
an,end,1,1,1
an,online,1,1,1
and,and,1,1,1
and,asked,1,1,1
and,blue,1,1,1
and,bought,1,1,1
and,businesses,1,1,1
and,concern,1,1,1
and,continuing,1,1,1
and,created,2,2,1
and,david,1,1,1
and,domestic,1,1,1
and,frequent,1,1,1
and,has,8,8,1
and,her,1,1,1
and,if,2,2,1
and,increased,2,2,1
and,last,1,1,1
and,look,1,1,1
and,many,2,2,1
and,nearly,1,1,1
and,one,1,1,1
and,opportunities,1,1,1
and,physical,1,1,1
and,pictures,1,1,1
and,processed,1,1,1
and,regional,1,1,1
and,restaurants,1,1,1
and,runs,1,1,1
and,several,1,1,1
and,street,1,1,1
and,this,1,1,1
angeles,and,4,4,1
angeles,field,1,1,1
angeles,this,1,1,1
any,information,1,1,1
any,member,1,1,1
anywhere,in,1,1,1
appeared,on,1,1,1
are,concerned,1,1,1
are,cooperating,1,1,1
are,seeking,1,1,1
are,working,1,1,1
areas,where,1,1,1
argued,for,1,1,1
armed,with,2,2,1
around,a,1,1,1
arrest,did,1,1,1
arrest,the,1,1,1
as,new,1,1,1
as,responsible,1,1,1
as,she,1,1,1
as,we,1,1,1
as,white,1,1,1
asking,for,1,1,1
assist,in,1,1,1
associates,of,1,1,1
at,after,1,1,1
at,lapd,2,2,1
at,with,1,1,1
attack,the,1,1,1
attending,the,1,1,1
audit,of,1,1,1
authorities,were,1,1,1
authority,and,2,2,1
awareness,to,1,1,1
back,and,2,2,1
bad,for,1,1,1
bag,and,1,1,1
be,attending,1,1,1
be,carried,1,1,1
be,found,1,1,1
be,to,2,2,1
because,these,1,1,1
been,linked,1,1,1
been,seeking,1,1,1
before,conducting,1,1,1
before,he,1,1,1
believes,they,1,1,1
benefits,in,1,1,1
benefits,to,1,1,1
big,apple,1,1,1
body,of,1,1,1
break,in,1,1,1
burglaries,and,1,1,1
burglary,tools,1,1,1
but,most,1,1,1
but,murders,1,1,1
but,those,1,1,1
by,about,1,1,1
by,at,1,1,1
by,many,1,1,1
by,someone,1,1,1
c,chicago,1,1,1
call,to,1,1,1
can,call,1,1,1
can,contribute,1,1,1
can,have,3,3,1
can,learn,1,1,1
can,t,3,3,1
car,theft,1,1,1
carrying,a,1,1,1
case,and,1,1,1
case,is,1,1,1
case,the,1,1,1
cases,and,2,2,1
center,in,1,1,1
charged,with,9,9,1
charges,of,1,1,1
chicago,the,1,1,1
child,care,1,1,1
children,in,1,1,1
choose,to,1,1,1
chose,to,1,1,1
cities,across,1,1,1
citizens,the,1,1,1
city,and,1,1,1
city,had,1,1,1
city,will,1,1,1
claimed,that,1,1,1
classification,of,1,1,1
clues,in,1,1,1
cocaine,inside,1,1,1
collect,data,2,2,1
column,national,1,1,1
commanding,officer,1,1,1
committed,at,1,1,1
community,take,1,1,1
company,of,1,1,1
compared,to,5,5,1
compassion,and,1,1,1
concern,for,1,1,1
concerned,about,2,2,1
conducting,a,1,1,1
connect,the,4,4,1
contracts,with,1,1,1
contrast,to,1,1,1
convicted,or,2,2,1
corruption,and,2,2,1
could,have,3,3,1
counties,and,1,1,1
county,california,1,1,1
court,documents,2,2,1
court,in,2,2,1
crime,decreased,1,1,1
crime,police,1,1,1
crime,scene,2,2,1
crime,such,1,1,1
crime,victims,1,1,1
crimes,by,1,1,1
crimes,law,1,1,1
crimes,such,2,2,1
crimes,to,3,3,1
currently,in,1,1,1
date,september,1,1,1
decided,to,1,1,1
degree,in,1,1,1
denied,that,1,1,1
deny,the,1,1,1
department,and,4,4,1
department,for,1,1,1
department,that,1,1,1
deserve,a,1,1,1
desk,pg,1,1,1
details,about,1,1,1
detained,and,1,1,1
direct,result,1,1,1
distributed,by,2,2,1
do,a,1,1,1
do,to,1,1,1
doesn,t,2,2,1
don,t,7,7,1
donations,to,1,1,1
down,the,4,4,1
drug,trade,1,1,1
drugs,and,1,1,1
drugs,in,1,1,1
during,a,3,3,1
during,his,1,1,1
edition,final,1,1,1
education,for,1,1,1
effect,on,1,1,1
efforts,by,1,1,1
elderly,woman,1,1,1
elementary,school,1,1,1
employees,and,1,1,1
end,in,1,1,1
enforcement,administration,1,1,1
enforcement,will,1,1,1
entire,city,1,1,1
escape,from,1,1,1
established,that,1,1,1
estimated,million,1,1,1
every,day,1,1,1
every,police,1,1,1
executive,director,2,2,1
executive,research,1,1,1
expansion,of,3,3,1
experience,as,1,1,1
explain,why,1,1,1
family,violence,1,1,1
father,and,1,1,1
fbi,was,1,1,1
federal,court,1,1,1
federal,criminal,1,1,1
federal,warrant,1,1,1
fight,crime,1,1,1
fight,in,1,1,1
filed,a,1,1,1
for,child,1,1,1
for,domestic,1,1,1
for,murder,1,1,1
for,public,1,1,1
for,several,1,1,1
for,such,1,1,1
for,trial,1,1,1
for,us,1,1,1
for,years,1,1,1
force,in,2,2,1
force,on,1,1,1
from,clear,1,1,1
from,various,1,1,1
full,name,1,1,1
funding,to,2,2,1
further,information,1,1,1
gang,crime,1,1,1
go,to,3,3,1
good,way,1,1,1
grow,marijuana,1,1,1
guns,and,1,1,1
happen,in,1,1,1
has,done,1,1,1
has,transformed,1,1,1
have,all,1,1,1
have,expressed,1,1,1
have,gone,1,1,1
have,it,1,1,1
he,acknowledged,1,1,1
he,did,2,2,1
he,helped,1,1,1
he,pointed,1,1,1
headquarters,in,1,1,1
help,his,1,1,1
help,to,1,1,1
helped,fuel,1,1,1
helped,him,1,1,1
her,car,1,1,1
high,rate,1,1,1
highlight,the,1,1,1
him,of,1,1,1
hindustantimes,com,1,1,1
his,entire,1,1,1
history,that,1,1,1
hold,a,1,1,1
hold,on,1,1,1
home,on,1,1,1
home,was,1,1,1
homicides,mr,1,1,1
house,in,1,1,1
how,law,1,1,1
html,load,1,1,1
i,am,5,5,1
i,didn,1,1,1
i,don,1,1,1
identity,cards,1,1,1
if,you,3,3,1
in,books,1,1,1
in,college,1,1,1
in,first,1,1,1
in,for,1,1,1
in,gangs,1,1,1
in,it,1,1,1
in,jail,1,1,1
in,killing,1,1,1
in,santa,3,3,1
in,there,1,1,1
in,with,1,1,1
include,a,2,2,1
including,an,1,1,1
including,gang,1,1,1
influence,of,1,1,1
information,regarding,1,1,1
initiatives,and,1,1,1
inside,a,1,1,1
instead,police,1,1,1
intent,to,5,5,1
interview,with,1,1,1
investigate,the,2,2,1
investigators,to,1,1,1
is,and,1,1,1
is,best,1,1,1
is,concerned,1,1,1
is,merely,1,1,1
is,one,2,2,1
is,public,1,1,1
is,taking,1,1,1
isn,t,1,1,1
issues,with,1,1,1
it,doesn,1,1,1
it,marks,1,1,1
it,over,1,1,1
jail,in,1,1,1
judge,s,1,1,1
just,how,1,1,1
just,two,1,1,1
knew,who,1,1,1
know,who,1,1,1
known,for,2,2,1
lapd,los,1,1,1
large,amounts,1,1,1
last,years,1,1,1
late,edition,1,1,1
later,this,1,1,1
law,has,1,1,1
law,that,1,1,1
legal,experts,1,1,1
letter,to,1,1,1
limited,all,1,1,1
limits,for,1,1,1
location,at,2,2,1
locations,and,1,1,1
long,history,1,1,1
loss,of,1,1,1
louis,post,2,2,1
lower,level,1,1,1
made,to,1,1,1
maintain,their,1,1,1
man,on,1,1,1
means,the,1,1,1
member,of,2,2,1
members,are,1,1,1
men,in,1,1,1
men,involved,1,1,1
mental,health,3,3,1
mention,of,1,1,1
met,at,1,1,1
million,in,1,1,1
minor,offenses,1,1,1
monday,police,1,1,1
month,in,1,1,1
months,of,2,2,1
more,intense,1,1,1
more,violent,1,1,1
motor,vehicle,1,1,1
muslims,with,1,1,1
must,come,1,1,1
myriad,of,1,1,1
name,the,1,1,1
national,desk,1,1,1
neighborhood,where,1,1,1
news,la,1,1,1
news,with,1,1,1
newspaper,journal,4,4,1
no,new,1,1,1
no,other,1,1,1
non,violent,4,4,1
nor,any,1,1,1
nor,do,1,1,1
not,believe,1,1,1
now,the,1,1,1
numerous,federal,1,1,1
nypd,commissioner,1,1,1
nypd,is,1,1,1
occurred,at,1,1,1
of,confidence,1,1,1
of,cultivating,1,1,1
of,different,1,1,1
of,everyone,1,1,1
of,family,1,1,1
of,gangs,1,1,1
of,great,1,1,1
of,hate,1,1,1
of,major,1,1,1
of,multiple,1,1,1
of,officials,1,1,1
of,santa,2,2,1
of,someone,1,1,1
of,suspect,1,1,1
of,up,1,1,1
office,and,2,2,1
officer,of,1,1,1
officers,assigned,1,1,1
officers,from,1,1,1
officers,will,2,2,1
officials,have,1,1,1
officials,with,1,1,1
old,and,1,1,1
on,helping,1,1,1
on,patrol,1,1,1
on,religion,2,2,1
on,your,1,1,1
one,is,1,1,1
one,state,1,1,1
only,about,1,1,1
or,early,1,1,1
or,use,1,1,1
organization,including,1,1,1
other,the,1,1,1
out,and,1,1,1
out,the,2,2,1
out,to,3,3,1
outside,audit,1,1,1
over,community,1,1,1
own,efforts,1,1,1
own,the,1,1,1
participants,in,1,1,1
particularly,among,1,1,1
partnered,with,1,1,1
paul,clinton,1,1,1
pay,to,1,1,1
people,including,1,1,1
people,involved,1,1,1
people,that,2,2,1
people,we,1,1,1
percent,and,2,2,1
percent,to,1,1,1
personal,and,1,1,1
photos,and,1,1,1
pictures,of,1,1,1
place,at,1,1,1
place,of,1,1,1
plan,to,2,2,1
pointed,to,3,3,1
police,contacts,1,1,1
police,encounters,1,1,1
police,executive,1,1,1
police,knew,1,1,1
police,responded,1,1,1
police,went,1,1,1
policies,on,1,1,1
political,science,1,1,1
possessing,a,1,1,1
possession,and,1,1,1
possible,the,1,1,1
post,dispatch,2,2,1
predicted,the,1,1,1
prison,on,1,1,1
program,for,1,1,1
program,in,2,2,1
program,which,1,1,1
program,with,1,1,1
programs,as,1,1,1
project,the,1,1,1
proposed,a,1,1,1
prosecution,of,2,2,1
provide,them,1,1,1
provided,by,1,1,1
provided,no,1,1,1
providing,information,1,1,1
public,radio,1,1,1
put,a,2,2,1
questions,remain,1,1,1
questions,to,1,1,1
ran,the,1,1,1
rates,are,1,1,1
rates,in,1,1,1
rates,of,2,2,1
really,have,1,1,1
related,the,1,1,1
released,and,1,1,1
released,on,1,1,1
relocation,and,1,1,1
remain,about,1,1,1
report,is,1,1,1
report,released,1,1,1
report,the,1,1,1
reported,by,1,1,1
reported,that,1,1,1
required,by,1,1,1
responded,to,1,1,1
responsibility,and,2,2,1
responsibility,of,1,1,1
reveal,who,1,1,1
right,now,1,1,1
role,as,1,1,1
rooted,in,1,1,1
rules,of,1,1,1
run,of,1,1,1
s,been,1,1,1
s,case,1,1,1
s,cities,1,1,1
s,efforts,2,2,1
s,financial,1,1,1
s,good,1,1,1
s,information,1,1,1
s,only,1,1,1
s,policies,1,1,1
s,where,1,1,1
s,while,1,1,1
safety,of,1,1,1
said,about,1,1,1
said,i,3,3,1
said,it,4,4,1
said,sometimes,1,1,1
said,to,2,2,1
said,was,1,1,1
san,diego,2,2,1
saw,a,1,1,1
say,the,2,2,1
search,the,1,1,1
search,warrant,1,1,1
section,section,1,1,1
see,themselves,1,1,1
seek,the,1,1,1
sentence,for,2,2,1
september,language,1,1,1
serious,crime,1,1,1
seriously,we,1,1,1
services,and,1,1,1
share,of,2,2,1
sheriff,lee,1,1,1
shooting,in,1,1,1
shouldn,t,1,1,1
since,then,1,1,1
so,in,1,1,1
so,it,1,1,1
social,services,1,1,1
solve,the,1,1,1
some,good,1,1,1
someone,who,2,2,1
something,wrong,1,1,1
speech,in,1,1,1
st,louis,2,2,1
standard,to,1,1,1
state,law,1,1,1
states,in,1,1,1
states,is,1,1,1
states,it,1,1,1
stay,in,1,1,1
stepped,up,1,1,1
stories,to,1,1,1
street,and,1,1,1
street,for,1,1,1
struggled,with,1,1,1
substance,abuse,2,2,1
support,his,1,1,1
suspect,who,1,1,1
system,in,2,2,1
system,was,1,1,1
t,available,1,1,1
t,go,1,1,1
t,just,1,1,1
t,know,1,1,1
take,to,1,1,1
taken,to,1,1,1
team,will,1,1,1
test,for,1,1,1
than,half,1,1,1
than,he,1,1,1
than,years,1,1,1
that,about,1,1,1
that,encourages,1,1,1
that,financial,1,1,1
that,have,5,5,1
that,make,1,1,1
that,mr,1,1,1
that,produced,1,1,1
that,someone,1,1,1
the,actor,1,1,1
the,areas,1,1,1
the,arresting,1,1,1
the,automobile,1,1,1
the,background,1,1,1
the,badge,1,1,1
the,building,3,3,1
the,camera,1,1,1
the,cases,1,1,1
the,change,1,1,1
the,charge,1,1,1
the,concrete,1,1,1
the,contract,1,1,1
the,correct,1,1,1
the,drop,1,1,1
the,effort,1,1,1
the,error,1,1,1
the,executive,1,1,1
the,family,2,2,1
the,globe,1,1,1
the,great,1,1,1
the,hands,1,1,1
the,homicides,1,1,1
the,human,1,1,1
the,influence,1,1,1
the,introduction,1,1,1
the,jurisdiction,1,1,1
the,major,1,1,1
the,mentally,1,1,1
the,needs,1,1,1
the,orange,1,1,1
the,overall,1,1,1
the,paper,1,1,1
the,perpetrator,1,1,1
the,physical,1,1,1
the,possible,1,1,1
the,poverty,1,1,1
the,principle,1,1,1
the,radar,1,1,1
the,report,5,5,1
the,residents,1,1,1
the,responsibility,1,1,1
the,side,1,1,1
the,so,1,1,1
the,statute,1,1,1
the,total,1,1,1
the,violent,1,1,1
the,woman,1,1,1
the,words,1,1,1
the,years,1,1,1
their,children,1,1,1
their,locations,1,1,1
their,support,1,1,1
themselves,as,1,1,1
there,have,1,1,1
these,crimes,1,1,1
they,come,1,1,1
they,found,1,1,1
things,such,1,1,1
things,that,1,1,1
think,it,1,1,1
this,project,1,1,1
those,charged,1,1,1
though,the,4,4,1
three,months,2,2,1
three,more,1,1,1
time,by,1,1,1
time,he,1,1,1
times,as,1,1,1
times,company,1,1,1
tip,from,1,1,1
tips,or,1,1,1
to,all,1,1,1
to,being,1,1,1
to,block,1,1,1
to,building,1,1,1
to,buy,1,1,1
to,compare,1,1,1
to,continue,3,3,1
to,counsel,1,1,1
to,curb,1,1,1
to,feet,1,1,1
to,fund,1,1,1
to,hire,1,1,1
to,his,1,1,1
to,incarceration,1,1,1
to,meet,3,3,1
to,move,1,1,1
to,our,2,2,1
to,someone,1,1,1
to,thank,1,1,1
to,themselves,1,1,1
to,three,1,1,1
to,turn,1,1,1
to,watch,1,1,1
today,and,1,1,1
together,by,1,1,1
took,to,1,1,1
tools,and,1,1,1
track,crime,1,1,1
tracking,system,1,1,1
traffic,stop,4,4,1
trend,of,1,1,1
trial,in,1,1,1
trouble,in,1,1,1
two,of,1,1,1
two,years,1,1,1
unclear,what,1,1,1
until,today,1,1,1
up,their,1,1,1
used,his,1,1,1
value,for,1,1,1
very,good,1,1,1
victims,in,1,1,1
video,and,1,1,1
violence,against,1,1,1
violence,to,1,1,1
walking,the,1,1,1
wanted,to,1,1,1
was,as,1,1,1
was,completely,1,1,1
was,going,1,1,1
was,to,2,2,1
we,should,1,1,1
we,ve,2,2,1
well,known,1,1,1
went,in,1,1,1
were,an,2,2,1
were,charged,1,1,1
what,people,1,1,1
when,new,1,1,1
when,you,1,1,1
where,he,2,2,1
whether,those,1,1,1
which,are,3,3,1
which,could,1,1,1
which,includes,2,2,1
which,was,1,1,1
who,may,1,1,1
who,played,1,1,1
who,said,1,1,1
who,served,2,2,1
who,the,1,1,1
who,went,2,2,1
who,wish,1,1,1
why,we,1,1,1
will,expand,1,1,1
with,all,1,1,1
with,anti,1,1,1
with,intent,1,1,1
with,several,1,1,1
with,two,1,1,1
woman,s,1,1,1
words,new,1,1,1
would,support,1,1,1
wrote,in,1,1,1
year,a,2,2,1
we,are,10,9,0.9
of,violent,9,8,0.888888889
possession,of,7,6,0.857142857
a,a,12,10,0.833333333
city,s,17,14,0.823529412
he,said,32,26,0.8125
after,a,5,4,0.8
copyright,the,5,4,0.8
journal,code,5,4,0.8
san,francisco,5,4,0.8
the,san,5,4,0.8
the,wrong,5,4,0.8
domestic,violence,9,7,0.777777778
the,mayor,9,7,0.777777778
a,man,4,3,0.75
an,interview,4,3,0.75
body,cameras,4,3,0.75
california,s,4,3,0.75
he,has,4,3,0.75
p,m,4,3,0.75
people,were,4,3,0.75
that,s,8,6,0.75
up,in,4,3,0.75
years,old,4,3,0.75
year,old,11,8,0.727272727
victims,of,7,5,0.714285714
a,year,16,11,0.6875
a,bad,3,2,0.666666667
been,convicted,3,2,0.666666667
but,we,3,2,0.666666667
cannot,prevent,3,2,0.666666667
court,the,3,2,0.666666667
enforcement,have,3,2,0.666666667
going,to,6,4,0.666666667
hardened,criminals,3,2,0.666666667
held,in,3,2,0.666666667
in,california,3,2,0.666666667
in,charge,3,2,0.666666667
is,currently,3,2,0.666666667
next,year,3,2,0.666666667
of,officers,3,2,0.666666667
on,relationship,3,2,0.666666667
on,suspicion,3,2,0.666666667
orange,county,6,4,0.666666667
played,a,3,2,0.666666667
president,of,3,2,0.666666667
reach,out,3,2,0.666666667
refused,to,3,2,0.666666667
s,domestic,3,2,0.666666667
said,his,6,4,0.666666667
scene,of,3,2,0.666666667
the,california,3,2,0.666666667
the,increase,3,2,0.666666667
the,man,3,2,0.666666667
trial,or,3,2,0.666666667
words,the,3,2,0.666666667
state,of,14,9,0.642857143
in,crime,16,10,0.625
april,language,5,3,0.6
back,to,10,6,0.6
date,april,5,3,0.6
deal,with,5,3,0.6
said,that,5,3,0.6
san,bernardino,5,3,0.6
the,numbers,5,3,0.6
to,sell,5,3,0.6
year,to,5,3,0.6
and,los,14,8,0.571428571
associated,press,7,4,0.571428571
documents,the,13,7,0.538461538
the,city,52,27,0.519230769
a,felony,6,3,0.5
a,news,2,1,0.5
a,push,2,1,0.5
a,sheriff,2,1,0.5
a,website,2,1,0.5
a,witness,2,1,0.5
accidents,and,2,1,0.5
after,his,2,1,0.5
american,legal,2,1,0.5
amy,e,2,1,0.5
an,armed,2,1,0.5
and,find,2,1,0.5
and,had,2,1,0.5
and,he,2,1,0.5
and,mark,2,1,0.5
and,partnerships,2,1,0.5
and,study,2,1,0.5
and,terry,2,1,0.5
and,two,2,1,0.5
and,were,2,1,0.5
and,women,2,1,0.5
and,your,2,1,0.5
angeles,area,2,1,0.5
appear,at,2,1,0.5
are,committed,2,1,0.5
are,new,2,1,0.5
arrested,by,2,1,0.5
arrested,in,4,2,0.5
assault,with,2,1,0.5
assaults,increased,2,1,0.5
at,bay,2,1,0.5
at,p,2,1,0.5
attorneys,have,2,1,0.5
bay,in,2,1,0.5
behind,bars,2,1,0.5
being,put,2,1,0.5
bernard,s,2,1,0.5
but,there,2,1,0.5
california,for,2,1,0.5
california,has,2,1,0.5
case,against,2,1,0.5
charge,is,2,1,0.5
city,a,2,1,0.5
city,has,2,1,0.5
city,the,4,2,0.5
com,load,2,1,0.5
connect,those,2,1,0.5
council,in,2,1,0.5
county,s,2,1,0.5
county,which,2,1,0.5
court,at,2,1,0.5
create,more,2,1,0.5
crime,rate,6,3,0.5
crime,that,4,2,0.5
crime,was,2,1,0.5
dedicated,to,2,1,0.5
department,in,4,2,0.5
department,with,2,1,0.5
described,as,2,1,0.5
documents,san,2,1,0.5
documents,whittier,2,1,0.5
equipped,to,2,1,0.5
ever,before,2,1,0.5
extend,or,2,1,0.5
fair,share,2,1,0.5
file,a,2,1,0.5
first,six,2,1,0.5
for,investigation,2,1,0.5
for,residents,2,1,0.5
force,a,2,1,0.5
foundation,of,4,2,0.5
four,years,2,1,0.5
funding,is,2,1,0.5
gabriel,valley,2,1,0.5
george,and,2,1,0.5
he,refused,2,1,0.5
health,and,2,1,0.5
held,at,2,1,0.5
help,in,2,1,0.5
him,the,2,1,0.5
his,son,2,1,0.5
i,would,2,1,0.5
image,of,2,1,0.5
in,collaboration,2,1,0.5
in,northern,2,1,0.5
increased,accuracy,2,1,0.5
involved,with,2,1,0.5
is,armed,2,1,0.5
is,asked,2,1,0.5
is,strong,2,1,0.5
is,usually,2,1,0.5
it,work,2,1,0.5
j,w,2,1,0.5
james,and,2,1,0.5
john,m,2,1,0.5
leaders,have,2,1,0.5
leaving,the,2,1,0.5
live,work,2,1,0.5
ltd,all,2,1,0.5
man,who,4,2,0.5
michael,s,2,1,0.5
must,file,2,1,0.5
nearly,percent,2,1,0.5
no,data,2,1,0.5
not,going,2,1,0.5
of,incidents,2,1,0.5
of,st,2,1,0.5
office,is,2,1,0.5
officer,in,2,1,0.5
officer,on,2,1,0.5
officers,when,2,1,0.5
on,any,2,1,0.5
on,every,2,1,0.5
on,sex,4,2,0.5
organized,crime,4,2,0.5
over,to,2,1,0.5
parking,lot,2,1,0.5
particularly,the,2,1,0.5
partnerships,in,2,1,0.5
paul,s,2,1,0.5
percent,between,2,1,0.5
precursor,to,2,1,0.5
presented,a,2,1,0.5
protection,in,2,1,0.5
rapes,and,2,1,0.5
religion,and,2,1,0.5
remained,a,2,1,0.5
response,and,2,1,0.5
review,the,2,1,0.5
s,anti,2,1,0.5
s,office,12,6,0.5
s,special,2,1,0.5
s,violent,2,1,0.5
said,there,6,3,0.5
says,new,2,1,0.5
seen,an,2,1,0.5
served,a,2,1,0.5
sexual,abuse,2,1,0.5
she,has,2,1,0.5
six,months,2,1,0.5
some,people,2,1,0.5
something,we,2,1,0.5
southern,california,6,3,0.5
spike,in,4,2,0.5
states,department,2,1,0.5
statistics,and,4,2,0.5
study,in,2,1,0.5
t,be,2,1,0.5
t,get,2,1,0.5
t,so,2,1,0.5
taken,into,4,2,0.5
than,one,2,1,0.5
than,percent,2,1,0.5
that,had,2,1,0.5
that,helped,2,1,0.5
that,led,2,1,0.5
the,cocaine,2,1,0.5
the,downtown,2,1,0.5
the,exact,2,1,0.5
the,film,2,1,0.5
the,incident,4,2,0.5
the,lowest,2,1,0.5
the,massive,2,1,0.5
the,precursor,2,1,0.5
the,prison,4,2,0.5
the,recent,2,1,0.5
the,sikh,2,1,0.5
the,task,2,1,0.5
the,vehicle,4,2,0.5
the,victims,2,1,0.5
they,cannot,2,1,0.5
they,said,2,1,0.5
this,will,2,1,0.5
to,pursue,2,1,0.5
to,so,2,1,0.5
to,tackle,2,1,0.5
tribune,california,2,1,0.5
valley,tribune,2,1,0.5
vehicle,and,2,1,0.5
victim,was,2,1,0.5
violence,if,2,1,0.5
violent,crime,28,14,0.5
visit,and,2,1,0.5
vol,no,2,1,0.5
wanted,for,2,1,0.5
warrant,was,2,1,0.5
was,asked,2,1,0.5
was,found,2,1,0.5
was,in,2,1,0.5
was,seen,2,1,0.5
were,gang,2,1,0.5
what,was,2,1,0.5
when,crime,2,1,0.5
which,he,2,1,0.5
whittier,daily,2,1,0.5
will,bring,2,1,0.5
with,six,2,1,0.5
worked,to,2,1,0.5
year,according,2,1,0.5
year,and,2,1,0.5
years,of,6,3,0.5
youth,development,2,1,0.5
they,re,11,5,0.454545455
property,crimes,9,4,0.444444444
increase,in,16,7,0.4375
the,largest,7,3,0.428571429
we,can,7,3,0.428571429
group,inc,22,9,0.409090909
a,plan,5,2,0.4
crimes,as,5,2,0.4
found,in,5,2,0.4
half,of,5,2,0.4
said,they,5,2,0.4
to,deal,5,2,0.4
we,re,10,4,0.4
s,department,18,7,0.388888889
last,year,21,8,0.380952381
in,violent,11,4,0.363636364
a,confidential,3,1,0.333333333
a,domestic,3,1,0.333333333
a,message,3,1,0.333333333
a,spike,3,1,0.333333333
a,spokesman,3,1,0.333333333
after,an,3,1,0.333333333
aftermath,of,3,1,0.333333333
against,him,3,1,0.333333333
agreed,to,3,1,0.333333333
angeles,for,3,1,0.333333333
angeles,the,3,1,0.333333333
anti,gang,3,1,0.333333333
approved,by,3,1,0.333333333
areas,on,3,1,0.333333333
as,los,3,1,0.333333333
assigned,to,3,1,0.333333333
august,language,3,1,0.333333333
authorities,from,3,1,0.333333333
authorities,say,3,1,0.333333333
awaiting,trial,3,1,0.333333333
be,reduced,3,1,0.333333333
called,the,3,1,0.333333333
cocaine,heroin,3,1,0.333333333
county,and,3,1,0.333333333
creation,of,3,1,0.333333333
crime,we,3,1,0.333333333
crimes,the,3,1,0.333333333
daily,mail,3,1,0.333333333
date,august,3,1,0.333333333
de,blasio,3,1,0.333333333
department,said,6,2,0.333333333
encouraged,to,3,1,0.333333333
english,graphic,3,1,0.333333333
have,said,3,1,0.333333333
heroin,and,3,1,0.333333333
i,ve,3,1,0.333333333
in,but,3,1,0.333333333
in,in,3,1,0.333333333
in,state,3,1,0.333333333
incentive,for,3,1,0.333333333
including,cocaine,3,1,0.333333333
investigation,by,3,1,0.333333333
is,encouraged,3,1,0.333333333
lows,in,3,1,0.333333333
making,certain,3,1,0.333333333
many,in,3,1,0.333333333
more,hardened,3,1,0.333333333
news,conference,3,1,0.333333333
news,pg,3,1,0.333333333
of,child,3,1,0.333333333
of,prison,3,1,0.333333333
of,southern,3,1,0.333333333
of,victims,3,1,0.333333333
or,those,3,1,0.333333333
police,byline,3,1,0.333333333
reduced,the,3,1,0.333333333
san,gabriel,3,1,0.333333333
saudi,arabia,3,1,0.333333333
seen,in,6,2,0.333333333
services,to,3,1,0.333333333
spokesman,for,3,1,0.333333333
system,it,3,1,0.333333333
that,recent,3,1,0.333333333
the,aftermath,3,1,0.333333333
the,biggest,3,1,0.333333333
the,creation,3,1,0.333333333
the,crimes,3,1,0.333333333
the,growing,3,1,0.333333333
the,home,6,2,0.333333333
the,l,6,2,0.333333333
the,penalties,3,1,0.333333333
the,restaurant,3,1,0.333333333
the,tip,3,1,0.333333333
ties,to,3,1,0.333333333
to,from,3,1,0.333333333
to,push,3,1,0.333333333
to,reach,3,1,0.333333333
with,information,6,2,0.333333333
you,don,3,1,0.333333333
length,words,40,13,0.325
county,sheriff,19,6,0.315789474
section,news,13,4,0.307692308
december,language,10,3,0.3
sheriff,s,31,9,0.290322581
were,arrested,7,2,0.285714286
angeles,newspaper,11,3,0.272727273
newspaper,group,11,3,0.272727273
said,the,27,7,0.259259259
an,increase,4,1,0.25
byline,by,4,1,0.25
come,out,4,1,0.25
copyright,medianews,12,3,0.25
has,taken,4,1,0.25
inc,and,12,3,0.25
increased,by,4,1,0.25
judge,and,4,1,0.25
laura,w,4,1,0.25
matthew,t,4,1,0.25
michael,j,4,1,0.25
news,california,8,2,0.25
news,length,12,3,0.25
office,has,4,1,0.25
police,said,4,1,0.25
property,and,4,1,0.25
rate,in,4,1,0.25
reduced,to,4,1,0.25
robert,s,4,1,0.25
said,because,4,1,0.25
said,but,4,1,0.25
sex,crime,4,1,0.25
significant,role,8,2,0.25
the,property,4,1,0.25
to,put,4,1,0.25
to,years,4,1,0.25
who,qualify,4,1,0.25
years,in,4,1,0.25
type,newspaper,38,9,0.236842105
medianews,group,13,3,0.230769231
english,publication,35,8,0.228571429
language,english,40,9,0.225
publication,type,40,9,0.225
a,statement,9,2,0.222222222
of,cocaine,9,2,0.222222222
violent,crimes,19,4,0.210526316
an,estimated,5,1,0.2
angeles,a,5,1,0.2
crime,statistics,10,2,0.2
didn,t,10,2,0.2
having,an,5,1,0.2
john,j,10,2,0.2
new,law,5,1,0.2
to,review,5,1,0.2
which,will,5,1,0.2
the,los,56,11,0.196428571
reserved,of,37,7,0.189189189
the,year,11,2,0.181818182
and,property,6,1,0.166666667
anyone,with,6,1,0.166666667
documents,pasadena,6,1,0.166666667
felony,convictions,6,1,0.166666667
pasadena,star,6,1,0.166666667
re,not,6,1,0.166666667
star,news,6,1,0.166666667
the,times,6,1,0.166666667
theft,and,6,1,0.166666667
angeles,police,39,6,0.153846154
newspaper,copyright,33,5,0.151515152
a,percent,14,2,0.142857143
against,children,7,1,0.142857143
and,his,7,1,0.142857143
charlie,beck,7,1,0.142857143
crimes,against,7,1,0.142857143
drug,and,7,1,0.142857143
home,in,7,1,0.142857143
in,property,7,1,0.142857143
percent,drop,7,1,0.142857143
pg,length,16,2,0.125
task,force,16,2,0.125
arrested,on,9,1,0.111111111
has,seen,9,1,0.111111111
so,far,9,1,0.111111111
said,in,19,2,0.105263158
the,lapd,19,2,0.105263158
drop,in,10,1,0.1
rise,in,10,1,0.1
the,victim,10,1,0.1
daily,news,12,1,0.083333333
section,a,13,1,0.076923077
in,los,41,3,0.073170732
compared,with,14,1,0.071428571
she,said,15,1,0.066666667
of,force,17,1,0.058823529
of,los,27,1,0.037037037
of,documents,500,13,0.026
los,angeles,1604,33,0.020573566
load,date,500,9,0.018
all,rights,497,8,0.016096579
rights,reserved,497,8,0.016096579
inc,all,475,6,0.012631579
date,december,276,3,0.010869565
documents,copyright,460,3,0.006521739
information,system,460,3,0.006521739
last,updated,460,2,0.004347826
charitable,giving,460,1,0.002173913
url,http,463,1,0.002159827
angeles,county,954,2,0.002096436
